lang,length,method,mean_accuracy,mean_seconds,n
en,50,guess,0.21542515417752953,0.0015354549992480314,20
en,50,hill,0.5495965622236113,0.49164669000019784,20
en,100,guess,0.19580811952536478,0.00043784499939647503,20
en,100,hill,0.7252242873554275,0.6183489200011536,20
en,200,guess,0.23772736130773064,0.0004082899991772138,20
en,200,hill,0.9735046539229337,1.0681704149988946,20
en,500,guess,0.2988018084030484,0.0007981499969901051,20
en,500,hill,1.0,2.4257643800010555,20
en,1000,guess,0.35908383860894444,0.0014074049991904757,20
en,1000,hill,0.9999537892791128,4.486484430000564,20
id,50,guess,0.34882118045838234,0.0014300749971880578,20
id,50,hill,0.69686615126428,0.48701593999940085,20
id,100,guess,0.3899322600270772,0.0002885000008973293,20
id,100,hill,0.9067588910653545,0.6713323099975241,20
id,200,guess,0.41945604379057777,0.00044970000017201527,20
id,200,hill,0.9813041346481775,1.0987186649981595,20
id,500,guess,0.45997332964650484,0.0007148950011469424,20
id,500,hill,0.9961718919480058,2.383953024998482,20
id,1000,guess,0.49084100279641635,0.0012220900003740097,20
id,1000,hill,0.9990051351329526,4.338937270003226,20
